,class,col_0,col_1,col_2,col_3,col_4,col_5
0,S,92.0,,72.0,57.780214325501944,53.25293386943906,41.77794802664312
1,R,41.0,14.0,10.0,57.714760454374854,57.77765934554246,52.210836139348984
2,Q,28.0,10.0,,47.93037515516187,50.032489517715014,51.6463459038399
3,P,28.0,55.0,1.0,,41.13675253050724,58.686998818139536
4,D,18.0,19.0,20.0,21.0,,23.0
5,C,12.0,13.0,14.0,15.0,16.0,17.0
6,B,6.0,7.0,8.0,9.0,,11.0
7,A,0.0,1.0,2.0,3.0,4.0,5.0
